{
  "accumulator_directory_bytes": 2483035,
  "accumulator_finalization_count": 19,
  "accumulator_finalization_seconds": 0.968466000049375,
  "accumulator_spill_bytes": 2479653,
  "accumulator_spill_chunk_schema": "beam_search_accumulator_chunk_jsonl_gzip_v113",
  "best_partial_future_fingerprint": "c1e5452bd1dc698d6dc8f6e6c65216df354559b87dd17ad2fb365e0ffd4f647e",
  "best_partial_total_damage": 27236.742032273476,
  "candidate": 114,
  "canonical_output_mutated": false,
  "checkpoint_count": 2,
  "checkpoint_manifest_generation_count": 2,
  "checkpoint_manifest_generation_seconds": 1.5872606000630185,
  "cleanup_completed": true,
  "cleanup_runtime_seconds": 0.0034003000473603606,
  "compact_manifest_bytes": 1634086,
  "deterministic_result_sha256": "aa758e746344fbe685467540f16bdcc3c6899fdd6cb03e81ac881ce0440d92ef",
  "duplicate_merge_seconds": 0.9569456001045182,
  "expansions": 10000,
  "expansions_per_second": 398.38521723131265,
  "forced_checkpoint_manifest_generation_count": 2,
  "maximum_final_sort_list_bytes": 22208,
  "maximum_finalization_unique_set_bytes": 52866825,
  "maximum_spill_chunk_uncompressed_bytes": 55600032,
  "maximum_spill_restore_buffer_bytes": 24532,
  "maximum_spill_serialization_buffer_bytes": 24532,
  "normal_process_exit": true,
  "peak_live_nodes": 57,
  "peak_process_rss_bytes": 395411456,
  "peak_tracked_memory_bytes": 8791016,
  "pending_frontier_serialization_seconds": 0.04695749969687313,
  "plan_path": "data/beam_search_plan_v114_32gb.json",
  "plan_sha256": "e70826d0040444f834398d55c922aacb4ee5b484bc6ef2e75ca5a0ad603bc18c",
  "resolved_accumulator_spill_format": "streaming_jsonl_gzip_v113",
  "result_creation_seconds": 2.5590123999863863,
  "retained_selection_seconds": 0.009497000020928681,
  "route_store_compaction_seconds": 0.02960849995724857,
  "schema_version": "beam_search_v114_lowmem_10000_probe_summary_corrected",
  "search_runtime_seconds": 25.101332999998704,
  "spill_chunk_count": 6,
  "spill_chunk_sha256s": [
    "fc03702f7c79636d89d2bc13c2e31ac9e575f1ba37c9e27a6575192f04b9609e",
    "0389551fe277e5dac32f1b4b09026bf2e26d1b33253995274f5da40004760116",
    "82f2430309f46fdf2a112cfd6937d628410d619e6b80456f3bcb306f2cb0e48e",
    "55d0a8f9fb4511af7029891b4f41db82194ccbf1b3aa9ad48ef526f5d7a74a6e",
    "36842e14bb5deebc48dfd264ab4eda29d2c69d17cc7f00e41914276a353c11fb",
    "e3ac552e138e0864f8be163ee0f172d9f25ca16cf1a3ad673b26080516cb3b3c"
  ],
  "spill_restore_nodes_streamed": 6516,
  "spill_restore_pass_count": 7,
  "spill_restore_seconds": 0.9557216003304347,
  "spill_sha_validation_count": 7,
  "spill_sha_validation_seconds": 0.0036094002425670624,
  "spill_write_count": 7,
  "spill_write_seconds": 1.4000285000074655,
  "stage_id": "full_120s_lowmem_32gb_v114",
  "total_process_runtime_seconds": 27.718602600041777,
  "v114_clone_restore_swap_cooldown_parity": true,
  "v114_target_reentry_masks": true,
  "v114_zero_time_loop_guard": true
}
